parameter,minimum,maximum,mean,median,standard_deviation
particle_size_nm,20.0195172338,199.934502909,112.341373022,114.106256303,57.3708020404
drug_diffusion,1.02257245048e-10,9.99787028538e-09,5.27600680517e-09,5.43165675223e-09,3.16742067061e-09
np_diffusion,1.05682696772e-10,9.98172310125e-09,5.28869319776e-09,5.46494601319e-09,3.20854070892e-09
release_rate,0.0101563494343,0.19999539941,0.122463792829,0.126326753163,0.0543771422417
uptake_rate,0.0100051102072,0.0999614202227,0.051773802855,0.0506106630441,0.0295214314286
drug_loading,0.200021293459,0.999735380959,0.627669836232,0.639797194781,0.258114545539
tumor_growth_rate,0.0100073253165,0.0499864916269,0.0244859818651,0.0215643195213,0.0117627606824
drug_efficacy,0.302936037564,0.999977307729,0.753876681658,0.793492551091,0.198692305978
